tier,summonerId,summonerName,leaguePoints,wins,losses,veteran,inactive,freshBlood,hotStreak,accountId,nChamps
CHALLENGER,2lHP_tI7_4u1q7Z_zzQJThCSwV50e35RGcN1wvhFLO_M-C1fzC4n97qjsw,살퀸레,673,257,227,False,False,False,False,39IDdOr2Yu7olI-OJJAJgcB27kbsHEbGkmNwf8UZKk7RmbwiBigPDL1n,4
CHALLENGER,6gEAOSKIL_eNW2YVVoTbQc77EvEE_Le5P0pKJqQLpnBKZWU4j2eN79-Mqg,Hidere,758,255,218,True,False,False,False,SncdNlUbmvTkTUOUR1MT1FYY8_g_Fv1LCMFZpGmvJ7qVANNRraQtOmZh,12
CHALLENGER,QDFPKhojmB0DaBoUsy9Xxy5NBDmpp5x1V7roqEkOLwi-QjA,래 뚜,771,347,310,True,False,False,False,BFNEElt6E7WFhQUEWB8AXAT9z62yIBZNn2ZzT1pL5-kvl9M,6
CHALLENGER,4HidLdNhpUaK3YaAr83exnctEF-Z26f6e4iF9_UfichOvQ,No longer love,679,245,185,False,False,False,False,WFGFfCXOE2USA_5LxshtAaPcrLtbEFUzSGfn8g2i9FLs,4
CHALLENGER,lcf6cgIYFGZCM3ESmr2hUOIOz9OSHThMP1h7DiXWGYdhsQ,11년째롤하는틀딱,782,164,123,False,False,True,False,xqwoEcIBNNQ_dkDgZU4AOKBclppm3HYC1r46BxRy8bI,11
CHALLENGER,H8qHjB9Ra0p5BLV04VSKm5fwClf-zOd1pZZ4hC6dqtz3gms,daikouzhao,607,259,225,True,False,False,False,j7i0fF1RFFBKBSHDyF8bOjuSZensCJLXrQpi9m0U9CFAdbzsEmLB-grA,9
CHALLENGER,hwWOG48V_SDKa6P9dvsfKeACQrWvBr20pFcIhSUxDWDK8Q,챌딱콩,672,70,43,False,False,False,False,JdMNzFlwqGJvL4_dGsh73foGi0Ofz_GOmuglT--xin-J,2
CHALLENGER,riz_5WBhxd5dB7ktGkpYSOpSIKOTgGx7GqM5Cnw_KJUVtgc,가루눈 OwO,622,145,115,False,False,True,True,lmZU5dD4S2equ5mlW54thoP-pHZiQpEu2SdFbdUXKAAOqb4,4
CHALLENGER,f1IwwHud6w-ncVs--5DJpYzOmm0tucOsRICiPp-Ah3I_e2j4I_Hs-LB7iQ,1xn,836,127,77,False,False,False,False,XKZhGVgk3eOo2hfhymWK-qO2wa4DGngPqO6AkFJl38PWPB8EX-rUFPaz,7
CHALLENGER,6PosY-Cv60b5y16DuhaRauzk1SW3PYz6QgqpIfnyqhPTbA,gongjianshou98,719,143,113,True,False,False,False,m_g8dSZHBvyRU7aC7cv2F7rgrtPC1y05j0MPYds8rwwI,11
CHALLENGER,CeFnoihr3Cm1fdNApUG3mfEdUtioZAGDlkANMEcgBtB75IzfmzfjlnOTcA,SPOONKING,824,161,103,False,False,False,True,4Yw5yMtOLhQdkBoUW1yd6T8LW29UvR3dv1lJ0BvFI1PRaG2bakNmB13x,7
CHALLENGER,TIpJx26TfOgFdq5Xv4Fez8fes-Xd6U0nYtwVZVnc73VfJk0,NS Sylvie,733,217,183,True,False,False,False,5cX0w6MnBykUDvjtv5hnZ8naRX4t5t9JzWJ1o0YRMZt9Bpz2HJFjXao1,7
CHALLENGER,qQ4jV9MF47vza-_foLQFBMXXOolhWTNXTcEl_5vOhRcEiBQuA-l9J0Wi6Q,cute sy,635,315,260,False,False,True,True,24Ectsf5h3HcjbObm5fm_KWHvkqoDE-9rBCTkpbC5DmZlxw7pRx4OD0k,1
CHALLENGER,HY06RcefztlwtoYaZonFRuQp2wKgRLfX9_o96yIyi66qEjk2s7S26A93VQ,yao yuan de ta,1085,276,210,True,False,False,False,yUErBcuA8vnYcgJ6P6DysO_xVg1wp1YhH3Dq18rGj3700pchXvQZqoZt,9
CHALLENGER,PEMMp5UCF4D_7dnTLKgvCmDemR84pVAa43mFEGU7pv-wRw,sadsadawdwa,772,162,130,False,False,False,False,bbLwRlk0nEnGVevWrz4L5ilNvLIrjjmWiCBvAXFhiUv0,10
CHALLENGER,DvBcMlnwy6xEqb0Y6cujnRlFzPjnq90vAvigH9l45hDmez8,Fox B Cookie,636,190,159,False,False,True,False,G4-lBf8xuRCE6W8OaKyTuVcVX9EYTF2DRKfPmbHyXU4ZhuQbtLmJ7iOj,8
CHALLENGER,WJhV2s1PG6fiWGJNXMPrruI6WxrhdZvcTOhF9lhlCBhw4jo,Jefl,660,180,140,False,False,False,False,KoN3Gz5PdUYiLXRVIMIpj68hwpwp55Hox0N_uwJAQRIwjiE,1
CHALLENGER,1wDX3FWnAEHvjvnRdVf9NlJYYouqcnPZe6J2ulddrzeXvm4D2v-LooM6tw,yqyx,691,480,431,False,False,True,False,De0s5A-_6OBPb7nKQxFfcj-SrGV7o5rCUjbkbpJoZnWXqb1zEXEMvVJK,9
CHALLENGER,AgeBIwGpaL9FaIW2RYbOHHcxw38nzfLLkANXuk04zSzRVxy_ISDgO4TxEw,새끼돼지한마리,677,572,531,False,False,False,False,HGg-mCsfElv3GEWfwnOHepbmZBc1TLA4eoHudD6jVReIaWuzk_yz0bcN,9
CHALLENGER,BxOlNRe7_wj9LJ98QOEyRSXqGXApFG3dP92LMTEKzo5KPX7NFChs1irb-g,sopho1,918,113,62,False,False,True,False,m67CKTCYwNmjiiRJv7omjUk9ccn4l_p82Dh_9eRTerQqC2H29aQyhEPX,10
CHALLENGER,Fxl1xNLif9RlKK0T4splWB5z6is7HcUSYT-B49Td2RpsovU,스파클링1,624,218,167,False,False,False,False,CeWiBj0Y-NKs8j0wANA5foeUnSNmGd5MkENVJDZs5jMJMv8,6
CHALLENGER,IJ8JWcpZqYw3lvZhnSikTKKmS4fm4ALvSqEm07z5kdvQIAg,mofu weizhen,1169,418,367,True,False,False,False,c0MooxYVlzatxY8fRYNmj_KXIbZfI22BG4ObexXOXTfYw46h2JtfHZRo,11
CHALLENGER,mPIunotes4GQ3LgIJgL80geS4JMg7XSDxjVfulS_ngvL7jy8pinJOgqNWw,구마유시S2,982,152,103,True,False,False,False,X2_km00JoT84IVhe1zBMWamf8rdf6Ab6g-7WjC6AEM0jwKkXA1mnDE-o,10
CHALLENGER,0clSXcp2j4dgZXse15LY0aOpaovwtJP2BP34I0qogroBEDjGjGrwsL48Cw,쿠자니자니,663,159,119,False,False,False,False,QLIwW3DEEGMW7V7AaNbT9smGUIGzXiM_0YirHQFYQAu3rD711rx-xHzi,8
CHALLENGER,W6J9gAZO0wjVXhfvA-7kxeXk-PWVZpQp7gEIgWPZw3wcf1I,Gen G Clid,969,370,325,True,False,False,False,qnUirB72vsDAyyHuXngS4go4TGPs9SmrM-CfjYD4zuOXUBE,10
CHALLENGER,JikKpy_ZKNKT3O1tm9EANa-7Jq4sAXEVQA1HtTeo4rUNyJQ,무지성풀캠좀그만,729,354,310,False,False,True,False,DifLYaTcZmgiazshRe4Qcsy_VkUPtwuCTkHE2hwNe6rGWF1c2hsOcmOC,9
CHALLENGER,zS1L86tbufkYKBYe0DAvpRQ-QkNG2jT13V05FQCdeYoa9sE,Liiv OnFleek,754,515,477,False,False,False,False,qK3vx0iJH4omAxEWCgZRrIyVpPl1dmZLRjLjw6cFfCwbfME,12
CHALLENGER,WaPkRwmSvm4CVJLBe9mxSCcaDoaCARnE02051nqjtQMYr26alU9pekKlwg,하루 물 한 통,697,178,148,True,False,False,True,4tmbYgaKr6YNq5eysOxxjjqhh-hf67l--Jb1K_M2dRVH9NvWp1PDTB6H,10
CHALLENGER,SA-XQlkxCRXQpxMuA-b39ahriNF2dSyB5Gfy13pNCIJdjZg,은가뉴,751,152,117,False,False,False,False,U6N_E8NuKvS8hhJyhkYgG0iAPvqqy_SbXTkY1ZDRy6ho43w,2
CHALLENGER,qDdG-Xv0btahos-BrYtcebdem_0n9HSrR7Mj_8ySY8sDP8OanjPZ2ndPdw,shenzhenshaoye,1149,294,226,True,False,False,False,QYiUd1ot8lN1hOaajKwdHPon-9DHrN5FuErrf0mQgDKpccvsKeXCwai7,12
CHALLENGER,SObQr_uE1Yr6W8xxIvo6bkTtGtmWOXOafxN5yuwuOk5Y5js,ACxiaohao,900,242,200,True,False,False,False,Rx4_gJrqrll3u84wljC0oBz878uiE_FAEEB1rRG-o881xkVdnR2Axe63,5
CHALLENGER,lDFH_aghS5Xli7xBchenQCMGmjmI1IZy5tT5IUY-6EbyNYg,도 일,733,293,251,False,False,True,False,Vxl1DGcqXR8SWawCebBleBfjFtpK4z_1vaYhhppHYcxomGMlsEdR9CCd,9
CHALLENGER,WvQcCp1KIPECbYD7_PvmmJL7YkCR1Xh1UDWOIm34gy0_5N_XL5dfMbG6-A,난 이제 악마다,1114,358,309,True,False,False,False,_RasvMMubFHir9_U-rk7-P46hRTZXM9AVD7rtagkms9hFLF64qA21XeH,15
CHALLENGER,VXNBaIXRAr2A91F7a2KqBLXZwYAoEQQxt-vSj_yDGnv91wn3Zx-hOYO02g,두두두dadada,734,89,56,False,False,False,False,eZO7anWerjm6xXFPL_vOZavbS9wOTCo0Fh-HbSDh3ACtV4ZGDPv75dZ9,8
CHALLENGER,sLEHSEYqbPpw37OTkTu37eLnsCWLiZ4e0bYUc--zQ5twBMi3zn4yP3o4Bw,black linyue,970,95,39,False,False,False,False,kD1YdUecohRniDHzXdWgXzRlxbIghjBnTOVItC6bQ7BAvkxmR0Nd0-3K,3
CHALLENGER,Vwn0husYHnBpvbWoS5d7-UZUBU2tsj1n_nohZvFquxbkBgg,Gen G Khael,744,177,150,False,False,True,False,a1LsQv_UtyVjK5nD3cDnxqxaxRCwIS0oirKIz6EXDrsxtVFqJUp21W-5,11
CHALLENGER,HBEun7oZyDDxaKufSAIkfS5soa1wemL16PVdg5glA5CstgQ,이 V,773,210,177,False,False,False,True,9S4xkBZpoH0Jg6D1ZHWk95350K-d2w-eTn1ntWFanYuYMEd1LJcoY0W9,10
CHALLENGER,0XfjD1D7DzDts5lVAkEMYRpo4UR0L-8gXcFyPYasorJ8lgY,오동1,740,615,561,False,False,False,True,Fpjv_ev9aEJ1iazAeYYr9havhtciff419c8xJEdaxq2sI1ztBoWWvS3f,4
CHALLENGER,aWsk9wyMUPlmhvdaElyik1iNBncuiGDOMYwwqzMtixz4ISY,zzzusss,745,183,153,False,False,True,False,P3MdSRCouCLkiBDl5tzPoamkUq2i5_yaSbZu1rFQ85KkhV0,4
CHALLENGER,QmiYxj3i2xZyqYkdcIARnaDjll4Ibz9ThH8-1LR5d6LMQg,죡같네1,692,160,125,False,False,False,False,jdoaOSySn80IjTV35H9DZ535eF4uZm3zwFl3dXSVOGP3,4
CHALLENGER,lYKCWhctC4ky1HfoEYsUCpMjyXqq0vC3_9Zg2tjmsXeRFvI,굉천광뢰 허무도,659,356,331,False,False,True,True,UFcaW-RNepHX1gH9POswRwBdUHxE3A8r-UOaAPHZNU9MRmw,11
CHALLENGER,SUP4DB-Ac08qBUagdW2WTE7pjPj2FQHhqJph4taZFaaLJ5M,방종하다,653,200,172,False,False,False,False,E8if92xNeD8N9FEIGP2BMR3g2bblTZeRnHF2cCBn9IVpkN1ifZ_26eTP,7
CHALLENGER,1U_UwzdzW7aqHFD2iQiHkulMhHrIieaVpmXmVEFcKOnVV1Ld-veSx1sUPg,egwerhrgdfb,838,297,254,True,False,False,True,8D9om3mtriv7clhBk5vN_PpGHT8OYo1-A82Dccu2TRSHL7tPH0hy7U8c,9
CHALLENGER,sY-EgDUr2w7QudS4W4y1KmZFIIbxoRDyBiFBeZWXQKYJCzE,AF Le5,1222,536,480,True,False,False,False,AEwlfKqTtsbeVx_98_xJho5AkHj4UbAAT1zJMQrKpAnjKck,6
CHALLENGER,d_LwYblOlAmKpS6jSyzL28rBqpRhH-CIz5LgkNBWEK0l9I2bz1qOFPYuFw,Boasortecontigo,575,591,548,False,False,True,False,enwiIvRMN7Iq0Zqv1IMlTmmTfETb44BoJiIjDe_h2GnovnepwwtM1xT9,11
CHALLENGER,qRfF7nphm3hg0lMZ8ylwyYi38BAlmycybLKYocQePC031GM,xinren,769,237,203,False,False,True,True,JQgrmlh8BJIOcvfVEqqd0XOojVIKBiOmfGeW0FV_ova2vMI,9
CHALLENGER,MBqZJxewNvLbB6KuCv0q4zscNqQGI69E-2MRzEHfb9uBBdZ8oAh2l94Rpg,Twitch하얗고예쁨,987,180,124,True,False,False,False,Ms4O0p7pbo7lZ9NVrIy_R9JPmzRbpfIfP7FOVcFVNi7sZXKhf03aFBUh,3
CHALLENGER,1f_iDFgyXcaoNkwSKcBKKGtkA1LUakZpHKgTCAza5OWiK2A,Shadow Supreme,701,174,144,False,False,False,False,M5FQuU8CZE85nY6KOvgIw_7AWH2AlHUNyCoYHVuN0id4jJc,2
CHALLENGER,FR2Du3PQza3XA-YlbVMFiOBbjnaYXXmzJkNVbvWEbK6fiCs,20171215,744,323,249,False,False,False,True,DFIIGEpJ-ZH93kxGiCB1wX2i5iHksZlkZjgtJqwTVmyCOy3-LuBBuA2_,5
CHALLENGER,54n7aUw2O_LKJq1sAdy3UlRb8k7g3QfNpcRaFzInbheWyHN9ovboGq0j1g,tes 740565123,960,407,366,True,False,False,True,1K3rCwVqgrhys48K6-6YW0fTK0YWf1t24XP-ny4ede-8fQKJwaOS2xxl,12
CHALLENGER,tVi2XV3OSDOQ1xhf7rHMqGIjV5EEkUr62yPMccuG1g52RBU,happyyyyyy,778,297,261,False,False,False,False,AIorhllk8FHUkjorFWrJvlPuGa3mlzw2OyT-Psv08GsyVwlovS4qEOVn,11
CHALLENGER,HNPly47dqe5Y1g8AJWsRn3WasjAH0sUbivZxVxzU4ikuCuo,나라카일,664,379,343,False,False,True,False,bN6F0heH8hR1Bw9y09mnRhXOYxAaDrpfXVs3l0rRQj6KSJA,6
CHALLENGER,WZUKMm19UdKFYxELtyu2kb-o6Womuwg7K7OWrnP6G2QTPkI,다섯 개의 가면,626,403,366,False,False,True,False,FuuuUVRItgZW9GrD5-H4GeRdVs6z4zc7vNSRP7MTwDRbs2pMNNfACV0H,15
CHALLENGER,_DTEKCCFi1LQ-LQBTjSz0im-7Kh_Py616rU694ILRVi0XJI,Gen G Quid,758,679,638,True,False,False,True,Gxfmg-NgefzYzwxYnKNFZix1BCU2Pe2cvBGxxSEPuFHuVMmxYtK87JXe,9
CHALLENGER,ED4Vx2OZYh8VaH6wR-Odtc5UEWabH5MjLGQcct7-HDHdqw,조세형마타,726,92,48,False,False,False,True,TW_SmXsq8pmPBD75eFdmVHqBPRyuVdb-PSrd8_FjHKs,12
CHALLENGER,Jssd_BGo8pV6BE0Nvc3ejPXBu9W5EzUzih68bWwXIOaC6Kb3Ab7pQvdNWQ,Talkingshlt,783,179,141,True,False,False,False,WeJg3AWpMkOsaYl53m72G-s4_PLDRq_mrsm-82W7erXUTombwLTZt84G,11
CHALLENGER,t-t2n2DCy13yCdahnC4w26CRK13D0-PZHYIFby4Ky5xEFTo-2ouIdIbhug,uyjgrthdfhgdh,1000,403,341,True,False,False,False,yzpZUtNrHgbmojrUaUGkLWmYwZmiQMobpTaMIACb75bEWVTZZmvMGq-Z,11
CHALLENGER,Ekd9ouD5PJYpni3ehsFdveR-1wirjM9FFVuedHTKpMW7omw,멘탈잡자으쌰으쌰,641,206,170,False,False,False,False,pdHi55eps74VIUBrM8bp-7sfNf9WHOT57Gz3uc1kmH_5B-o,1
CHALLENGER,-CAzzT9C1vI7cgN8Q7zQYtT3YPC0ROH8GIiOqMlW7zDt00c,Mitsuki,730,244,183,True,False,False,False,1qa-XS_g9ARls5TVA_S6LQnL5zkGZ9X8mzVmBPP3NLK0BTmABqXkrTzu,11
CHALLENGER,DCFz0i-usqOFMpOhaNHOVMqme844tKsqbMjaHd57LMrb3SQFkPPsB7ZxKg,Bzhan Kejunda,642,533,478,False,False,False,False,jbIIX295zcPdKgQfbmbmM1qzENlUMRSWzhR58l4KKvtURFnybXtpvJEu,11
CHALLENGER,yJqkeUw9UQs1EY3G2Qgb1jScYkiZMz4ylIrEqbGwyht7fL5A2iSdep2UHA,그아아아아아악,743,87,45,False,False,False,False,R6UFKLJaRezna272JGB-AG1unv0dMQGJ6-wyq3pwkY6U_dGz5CELhIc9,8
CHALLENGER,qnMUY85Pw6-2DjhSp_T1h_zPDWqaFQl-wR6D8xCOCnp_fAM,쿠 리,1019,304,244,True,False,False,True,2y19E6jsadF44P-YoYdHfUDuYZ6b025CdePYJyEc8AHRL8xv6CiZV_El,6
CHALLENGER,lD2S7tMtYMmdB3MYtVYkclM2LtyqI6ZAt-i9PSpl1PK7M3_amkW7IQFkJg,huntiandi1,668,468,425,False,False,True,False,Qch6D1bl3DIqNZQLp6-04Q8optRCw2QLvkxRZ9sTrmmTxRvRxONCq0C2,8
CHALLENGER,Hn6j-AMss_ada00IfuRgv2eO8rdEOFQN1-uDBWidPDSdVaFIiA07e1e5IA,Not weak,732,366,321,True,False,False,False,Vviyp1C2ttEpnVVAwxGoIT6jQos4tnasnmZGxaWCJz_20mIdE01zAjNU,8
CHALLENGER,IVWHsSKLsAg2CMcaWlIgfnlbVVsBHzk_QiGeuX6rVAfZbIM,고등학생,727,691,635,False,False,False,False,olexhaBCs0F-W1geLTr9O6yyB74mUMZ3_JE-MnRnMEP56c4,9
CHALLENGER,KRfcXqTsdIGMpkC7GI68S9UpH93V3drimVVJFxkK52eASu0,못할 때도 있지,834,326,285,True,False,False,False,84QgyoR6lbavvTh0Kq_4Z6EZtSc6XY0XaI1cOTKv2AC_rkwLh8sJelWb,2
CHALLENGER,RIZBrKiNUEFTER2tZqisfBXPg0P7wMTV9WX0Dw5MiPVC4ez1djHzeQtmrQ,xue yue feng hua,805,541,454,False,False,True,True,wLQXkdZYVtAx7w_D06NwDk8DuNXLF-6PQ3IdMQ0Trk9IcU3GjyJ48NHV,6
CHALLENGER,Hpa-6iJdKYxKudgfBrfaGmvV4hIJoxpPqvWaM-w8PytcXfRknje_XJY0VQ,shuoIezaijian,934,136,81,False,False,False,False,PP5mEYxRGXtsTjSTTBTxBXrJCwNuxumXg2PkfOTe1i9VQ8f6ne_jzvHI,5
CHALLENGER,WelQxn5IEoJK9niMj9_jY4vVOzLYAkVnwX04qcJ1g559DaVyxHxeg033XQ,invest for me,1103,120,87,False,False,False,True,wQroc1nQvMzFU-fjS2zZiU0-ec_C1DDcuwH3c3f7pzfhMpfCzvajDPeq,8
CHALLENGER,Oed76PPHIlNfNpS_q46m83c8RM9hH8BSILTWPX4PAXjU-dM,FA BBakPyo,679,217,185,False,False,True,True,nL43uWJ8qJTFD5qhqFGbhVhymB3kO0IT6bWNBduIVNonkDs,4
CHALLENGER,X5jaDUlsTSGDOzh4OUD1gqU4xu34Why6CcZAhIUe3VGm4g,taihaoIe,706,369,324,False,False,False,True,SfZa02SpU9-HdnfPgUjjkgQ_AkCevLRgB2H2R3pyyQ7B,8
CHALLENGER,pWr8-3_jQ7BpqsMjsru1MrjlmCrTHsqSp3StN1MEf8ZeCUE,Osadia,729,133,106,True,False,False,False,tmAt8GNp9qp2XAwHPM6_V12mWSVnpzO36C5WJ2_zl5YjmBI,11
CHALLENGER,F1V5GpKeSm2AQ98N7MSwriq-rHrOzNK3SjCSGEfSDeJoZpuFz727iwi6sQ,기포기포기포기포,800,280,228,True,False,False,True,GkUvSr6GtGy6FO7wEB8vjkO-Z5sC_PM4XmJkqSTKR1iFs5cLZjk3L9Lv,11
CHALLENGER,2yvtXuEip5jwhHUQbs5YSnn0V9Ncrtkl-HWcNOPfm5FOPW4,Luv Letterr,1282,261,179,True,False,False,False,VFHL-1meBSL3epkbzLCeJuBOZOizoje7ta1IzSNU7dy5ILCYsfDMUne6,9
CHALLENGER,jBEkFREyvixzzWalAVtiDNJwLeYeP8lezqF_ZwSOSXWBbRbJKsH1ffbQxw,서폿 다솜,641,110,79,False,False,False,False,JKl5rIk2KelPIholhcE9GQlmgImY6xge4MX41PQYQpum5-g5cCFiVEfr,2
CHALLENGER,JTqeYlTgxRwroJ1yBCZkB6srMQUFvMmDU5Vlw_6e4K67f4Q,에르피디,727,137,109,True,False,False,True,ch63qjGAvDU1vfVdkqQDT1ADikibFYtLRuUyqF5qSN8153k,2
CHALLENGER,GP3Nwv5zPqQzl_ueaEP4pARzSvD-kThfhoBEOdWn7tg2CNw,호잇이,897,391,351,True,False,False,False,XXLfXT4XA52wVhMpXKsbn-YwYr0BBoblcxkRjPgR4zTC7Qc,10
CHALLENGER,Nl9avhm36r-z5dJ6YJX05uhd2dQvfv9py8F2LoJh3TjIBsg,iilllililililill,654,292,260,False,False,True,False,Ji6MXS53efQ195QFs99rY41aIXmTqa_1tca858r9f7mQJi4,6
CHALLENGER,XXd9QNWozrVD5LdyItZi0s0M7q36mcNZeA2_It7Go7d8gLunVqNHlJP-YA,은하박사,721,287,242,False,False,True,False,5Pv4qHlHEHdjVtjWTjQsr1eeZ1oFoJrFdCVutwUPMsAa_GjsOpGDY9fv,7
CHALLENGER,eo-ySxnd1n6ig8l7dhn4O29m8ylLD5nFCunzn-qtl0SeyQg,IlIiillIiiI,704,149,95,False,False,False,False,Wyu1_oY-g2xvdDjlE9WrgRXuq1HXvWf5lYF0bHRjozsdRu4,5
CHALLENGER,RSnjg1Ak9l1M4m0qjVilO1ZDBJb0WgjFF--9NecXQ4tXTVI,서렌누르면대충함,1073,198,143,True,False,False,True,dyu2a3z-xcQqLDAdfD9Mx72BPqdKq72QdidGZOMsexBywQparRUrtFCo,8
CHALLENGER,S0kChhwZyLG4cX5dlR3fx1fpuiMIh5GLzC3yyA2Brwrtjn0iHdOiua3tzQ,YM TOP,1129,220,150,True,False,False,False,8Zxe7yGz97VoGahVNd1a_--kb7AFarY5tEF3tFdnVz_v_Sl54qvct3IC,5
CHALLENGER,pxiQjFhQIrG_aqBJMymJPof5jOzqCbOB-0iDuvgSR-xhJ8c,EIderwood Azir,638,230,195,False,False,True,True,6XSDncTC4Dpw7ZatBHfWP1XQP3SoEF2HBztKywIdD98kEdg,2
CHALLENGER,z8gPjXmJ6vF61wGasmG3Txh3Ohc5hEjgnjD-qElGVpCoOOM,lnsane my life,620,190,152,False,False,True,False,_cHtHYWug-ZjkPOkIoRDHiyFnldOFT3oXbccHb4Or5C3gM8,10
CHALLENGER,8n9Gxe0DxoWe6mmDTlxlQH3hHPcsRzoWBBZM8NwepkU1hEU,곽곽보성,1067,216,169,True,False,False,True,KBFC3HhXwrI_giZKfT3u6eUZIDXgTENuRs2Pu5tKzKAjVfU,13
CHALLENGER,8ImrHn89aYsBWoDi0XcNpphGgALPDYUsvUOIOr2r8NkobFY,UMA PUI PUI,818,310,268,True,False,False,False,8evalpvuiI4smsBlSFqNErXlyGRqYWTEwtLXOUqSuU3YJo0,9
CHALLENGER,trQZ8n5jC7uVpmTrk0XQVtpno5xKWPzYgzwOzr6V5YFMmfM,cexk1lng,659,145,117,False,False,False,False,Blkmk1q80aoFgtJtE1ef1wwUZ3UvzrB3nThM0VYC8VYAdXs,11
CHALLENGER,KdjHO323zYpFO0hy2jw93BUYzZMSXjoSstff5vcb0fWjKRY,T1 Gumayusi,1040,496,462,True,False,False,False,Rwx0YGRTK01oHNyMGDcQPbBDvlvqv0WexpOq2x6Mu08bHDI,11
CHALLENGER,-PFT8WFE5cwOxyIKQdxchb9BA1R9HJV66-5Hq8Ka5zljOQ,언니우기,695,322,288,False,False,True,True,a9aErSEqpTxfjrjtQ9F2NvKWvSS2lDQ9d0GhCbGJf0iP,1
CHALLENGER,fDMO3C0EC9v9oxtUg1UY6WTZs_I0BMF2Pc7EGVH-UdZGgOk,Pnpm,767,103,68,False,False,False,False,e0jAoNk3sEBrNpKdi2r6ZOZKSKH8BVchBJZmbtttvIj2oaxMIJQfruIr,4
CHALLENGER,c3YX9tvo5i2mu2u4OrJON26dGyr8TyAFCo2P3lIPqqHWDkE,바보상단,682,385,354,False,False,True,False,pqJAddD9dIYmBHT30lGvoX3_3mKE5h7CInX8VGZ00El9zkI,12
CHALLENGER,T3xzFvj4qnG8AV6Kyxwdx9rdaFOtpwiWn1XOlcvcOgigfVg,Liiv Effort,897,173,134,True,False,False,False,4rC1GNDfuH7VSTMhj2wq6teeF3U6s9o2ox3YNaF7NOHX_gs,8
CHALLENGER,zD5MIL0tI7Zgh5jh5waoiU9g7AK6X5SrgQ8kUyRKSs3NTDs,asddasadsasd,1036,331,283,True,False,False,False,_g3Ynef54K1w6TQxJA4Ur6xdYjyP_eBNW10yfBe-bq396sw,7
CHALLENGER,hBlp05lV7LpoZFyxn0yWhgNx7x_hHqoXJefns2fvgdaZDzs,River9,858,357,319,True,False,False,False,RcwxrB7Xv0IhKzFKhFkT_qrioRIOYLrhismNVHVom40lPVffl_TJpMDr,11
CHALLENGER,pLfT3485TQBIvaxNtKBobQq3fR7npzjB0mPv0Qh0HwA_PXw,탑 팁,657,617,549,False,False,True,True,b6BnO9hgbnKyFHPpEpBWRtPDEnuOO2ZC38d5VTmcaEyFDY7TtZ1YxwBu,12
CHALLENGER,OPeykqzOAQ4ybWAyI6B8L_Wn0e-td74XGTfrn-hQ7hvbtMw,liiiiliiiiiill,614,261,236,False,False,True,False,HSV6jdl_WTl-k8VVx7lpX5IPpBqjVXlu_JisU4RFAaSF6x0,10
CHALLENGER,Lj9INXnS2lbulrHsxsNVv7BGwkliEhMWqsKwqjhLit8_kag,새벽밤공기밤하늘,973,217,173,True,False,False,True,EV0TKLkamodqrHKCKNx84cPTvA2JyIbJSmpqrMPAuyR7mpQ,9
CHALLENGER,ql3clzCNFnzHWAiRz3NNLA5F8JpvKHuSWCWRljWHkA98emU,sa xi bu li dana,690,167,139,False,False,False,False,E_c2RYtqnuSUjFhPkKBmB2xURLjFyYmnAaWqM6-hBAWuoXAgqGgzkmmM,9
CHALLENGER,O5oX0gzwmy0g1nBcM8kzmiuiXP4WTQoD3r2dGYbfeS9lrKg,강 주연,747,278,244,False,False,False,False,gwIr-SB5X_cjjf5AdfDpk6rkUzKYJjtjgafuHlY8NXBcX8E_Abs8Tgii,9
CHALLENGER,LmnU1pz9anTbUqi6iP1k1Y0QHtH7nrQKWISPLlzH5qAxLA,elole,784,123,80,False,False,False,True,S_0ESBCEgUZK4JXjlCtThPIed7Vs6XOZswX5NVtYhdPT,15
CHALLENGER,UlpslCdFhMd35A4qjZws2juK5WLBQud6g80XemPVNkgmZYg,몰 도,649,241,187,False,False,True,True,0p7h9gRa6qcO7o6yNHxZh-elNOS37OcBuT2CSD-v6wjhFwBI89cwh2Mj,3
CHALLENGER,aFjuxrz6QN9zaaS1JnLkc9letBBqRBgKIIxck4G870X9-Xw,DYU  wjc,999,167,122,True,False,False,True,q_kuNWFVmKsvsQAGypcEfq9HCC57dwRGtcBWfjyxN4NOZtRU1PegnkSd,5
CHALLENGER,L84bbtaiEKIdLfJe7dTA7Kg9OcWTiLQ-Eo7RyLDYoqZWht4,dpsdptmqnf,775,218,168,False,False,True,False,Bld4MTZQDzRJKyr82i5Hl-4dxgJVWeUD2LN9qRuRNS1cncs,7
CHALLENGER,Y0sSJp-6CBAiqnsI5aGBgTfESBgizmfcykUOWsrZhOp-pmY,lose jug,766,251,205,True,False,False,True,6G1Iw5NOFJaRNLRVCGl_3zwn-UTYR6Fa3FALDAYyhtyCQ-xLQ52Ox0Tl,7
CHALLENGER,u2arxYzAWREkGff8p2PlrKxY0AtXJ-wUGb8f7o8ZiENtYzk,jkjkjkjkk,1063,509,471,True,False,False,False,TOBfif5iTjuDQyNXvYwOekGFVgBn_4cNGEpKJyPHuRcOb0o,10
CHALLENGER,Omxkk0j3De1Sk4KJxoUNAvzTNWm5XacR70dAZFIIYPqO8A8,데아시두스이어링,799,109,66,False,False,True,True,wutjMTQ-svBMPfhAeMvLltpxUS_XFsupQjbRl1-8YJPVteCTSV_KoqId,8
CHALLENGER,6OZnahh9XFJouX4zr8sBEVpAKrw3qreOh8-UD7KYUcTyDrM,아라가키 유이,665,191,158,False,False,False,False,wg-4e2X8aGxH85JddmSpmyP54cgmTvcEXMzGYPStrDNV2X8,10
CHALLENGER,vxabT_lv2QGegWqVdzDxVFz4HI5ehkWMI4oB9LJue87sbpY,hanashikakenaide,609,189,160,False,False,True,False,ul4uFGdWwL-amRVMkChritJVCO8K6a-TVvn3As9RC_I53e0,4
CHALLENGER,dOLSPdyfNTNsj7b7hY9n1OSUAnofn8FfBPImi2roNEVwYsA,윤용호,792,200,176,True,False,False,False,jbvl-vsKtg0RQ2nq-lix-OjDB1E86R7VcG1B-4a7glcSzaA,8
CHALLENGER,5HzBdV5Pqlz6VyK8A4TynIVoklpUwQIZ23JIB8ncda6hgsLLJCVVBAdpmw,ndbg,1207,157,118,True,False,False,False,R62iU6AuJhjpiciAcV1expiNiqycRKZfjb1i5vRWit1l0b8miat01k4n,12
CHALLENGER,1zyg1UuGGWia6VJ_qoUYx9OmWlmFqC5sA5xhZb5EkClalUnGGZr0p23L0w,HuYa YeQiuFeng,1191,209,157,True,False,False,False,6YEAApUrkqovtWJRvMtPHQkAFEFGzjO7lexA25Hnpo_5oDK1utnA0vLW,4
CHALLENGER,lh-nKxA-oQpzwgryvyKx66OsO1DBdE5eQRyLyR0GXW7lmsg,Wafahaka,700,218,173,False,False,True,False,8SGeSH6vhCc21OJulTY6wj4RMV9ln4Yv0r_LnOGa7PQGEGE,9
CHALLENGER,ReAexwT5t_ZA5IGJv0KxhBS0VudcF3gkh-qfgUzBzX506DA,xxxxxxx1,739,317,272,False,False,True,True,ipsu7YLi5njwK7LinSlDqlrWlcjno5b4wwUWey9SR-hWuu4,11
CHALLENGER,x405bY0dVHLnSV2gUuaPgWvKa6SOEUos0om9XudpeX5XUp8,나는 준일하다,835,167,120,False,False,True,False,6wboPBVKFeAf8gOl5M2CE-T8mryUv01hv7MZ6LcbNIAaERvRFhNqk-HW,11
CHALLENGER,M7dL4GEdjO5CdYgQUswpLcZyGv_Hq_cpjPKNYgv_WlJ8XubRBZBhSkhaqQ,BABYLIGHTMYFIRE,908,169,103,False,False,False,True,otx-bDEo95PDyDA8WtndSwsQjgJ5jSDmcTS7T__b53IX9_MkLIzUqGtC,7
CHALLENGER,SAEN6rcEp4anL9ln00tLltYij722HKy65yXKSq61JKegS10UPAB2OZL87g,xiaochaomeng,618,110,63,False,False,True,True,h3jZj89EyzyhC72aqC4gewuOpGaa_VWAQl3c7eCzRhuh3LPji7a6vdFo,5
CHALLENGER,M_mmb6aRu16i4nw2KlmDQ0FNPepy92_tlQljgxGyMwcpdgAmgApvI5pcGg,Shirakami Fubuk1,783,243,190,True,False,False,True,ZgujcDr99IGpyWYBxfOhxcBbQOAGA2NC0nd36sfkbfsGeQ60R8v8qM-V,8
CHALLENGER,_mqzo7yRA2SAIZT5b1dk1122LaG-n1tr5vOplzfzC81M-GA,BRO Delight,1315,347,296,True,False,False,False,Xe153U2CR_6pUERtPC7bpUdA4N6uO0Qw_SDEwEV0e3WmUt_jO5oXeL5C,10
CHALLENGER,u_pCdcHLnRQnPMH_zgHEdjLIUTCsWGoyMyP1x5BTjRrySmE,happy   game ,961,300,252,True,False,False,True,n8TAnDBy1NlWAI4Scg7bY8lFLjNhTeQ4V0B382frD_6i97U,6
CHALLENGER,9ZeW_hLGZiQg4xzJ10HLcRmlQTuPh5JeXurXODZeBF3FrHQ,속죄 하겠습니다,646,316,283,False,False,True,True,l53fvhlxyzCp1eZWvVldi4HjnTaqg5FDf1IPEDk2x_eAoOmnj5CpLJay,13
CHALLENGER,rLGRzvBrDt0uVqTI5tYkxj0bKi-P7ghQwUt9vcwj6A28xvI,서프라이즈데이,682,271,236,False,False,False,False,UnJG2IcKkDGglW2X2-n2pnKkpbD6GgBIqv0b0CvlLgZ9QTs,7
CHALLENGER,CiTsajndPA817VOmpdpGEMHjDxq1O24hlK-dyFE3MqzAzss,Dangxin ganmao,653,86,56,False,False,False,False,AzL8AnIslTxO0PAwgCXu-1xS5TFD6KZNyw4vQEySKsEFowA,10
CHALLENGER,SHubFeSLssTYB3BnDTzD_JA7u3WG4HVF_0Y8sxECXOF8hvd7DxpCeoN1dw,wanfeng,715,127,86,False,False,False,False,mA2Q9t-fNLA7JFUvWS-fmDwon7YX1uLAJgc3yq9PnUYmyfVziFs1Y6Tb,9
CHALLENGER,wOfO9xQzURQn0IC7JL0vwNY28vYlpo8UzNpw4kLoc7HTvbI,사랑하지 않아,753,188,141,True,False,False,False,rqGVtu_9NcUOvsi0J5VTDV93SmYfe7EjjBNrUk2B4tRENYM,8
CHALLENGER,1aysjGiqvG-kuAv7Ge5FjOtQLGXSGzt4Y0lJx3mX5Mhq-5BH,재훈이의 모함,753,417,380,True,False,False,False,yy0zbdqf5H4Est6IaznPuQDey9iNoiwBTzLLe3CvX5gCk_JEuuwghs2r,8
CHALLENGER,XUwEtNIkpn7_obTc85NZp-QB3tmWrkUUj2cJwrU1vmc2wwI,EDGY Swamp,655,268,238,False,False,False,False,yDywe_j97IF5zD5az4UCppFhFsxauKIpVwSHrrMHzOh0iD0,5
CHALLENGER,UQxj-iavQef5dID4pIt4az2gouTxgazykc52mKaB442tsR8,Yorick,822,361,319,True,False,False,False,E9NoZwHYMTWHH627MiL-_3LvrTjVo0K235AQuskNqQ6eLeU,9
CHALLENGER,Qvt7FtB767nMcrjLDKHdvAHQ3KcGEv8J5V8lgHahbNi_8f0,An Everglow,748,234,203,False,False,False,False,Nx0wCQw-pGqwxtooahFE4zOxYa5vWlJzQtJKbOFZ3R1M2shuFUyB89db,9
CHALLENGER,czQWIi5pKnPUDwIYiIznrZBkTBPNTq0AJblRqULRxYCqLoE,98 Haru,614,513,475,False,False,True,False,KwExeh_Mhz6Vk_ikDyXvx9bROqRdbuQNL9CArkyj2mk9mSw,7
CHALLENGER,EQaeEC98YA_874IrEA0gs8GAKjvHmB2a1MMkrPUjv3kJGt8m65UtNshSmQ,dnwp,808,240,202,False,False,False,False,b5ParWM4dPzRWt1muPXUEbCQiI2wYKcaHe9CbHc5CjDGl5HgDiNkhBmf,10
CHALLENGER,_7GHXKKghRyj4JwSxvHRy8GjgPJ9DA4ssw-D4FuQtiMUfL9PjUmYAYXuaw,mznzhtfkbjlxkl,783,135,108,True,False,False,False,UHzyDcyEMdN2sbwy9KuNfVc9tleV2SJlTt5QH4ZBjMdYN4LNxzYCE90O,8
CHALLENGER,futP1VewZhyptHkz9VXP4TLY4IeELF8iZLt_jmJ0p1K5WKQ,Gen G ToongE,649,521,492,False,False,False,False,VxUJ7S0JH5hyynxjCvapYsMrQRRV7AeoHWu80BRNhbT-qSI,10
CHALLENGER,ERb30lzO8cxs_PQpXWEleKWHfL7smYdvXCFdt4-h1EV6hHOx,DRX Piero,613,443,409,False,False,True,False,Q1tr0xCzTss4d8pPe5f1QEGgOz32iae-Q1j0ABGM0gzJTKLJDed_pO5-,9
CHALLENGER,Oj-vgJgqD4N7ndhFvsJYMibG-JB2_OVYPSDNwPnlQyg2_4k,Losing Sight,634,457,408,False,False,True,False,XeofdHsXcXkXHLRyyUONmBueXynaQjS9FlVL600cWIHa-nNG5I2F-COz,9
CHALLENGER,VtpjW1PXjVAoCfvOIBAqz3dCoH_2gkrUBqPri4xJwafhAzk,원딜은무기력하다,721,74,44,False,False,False,False,c-XL80F_B8m4kU2eHHE4F6L1ywWv-YX4QBNCD73q02z_SvM,5
CHALLENGER,CBteaMLlqt7GJPha2H73xMI6rHIMgJTeeWdbVmzn9rYBnkE,안녕 맬,1004,256,219,True,False,False,False,c-wxE7eGlb-054b1FopSzykjxzQU4Ce9hzokO9XsL8sxlGs,7
CHALLENGER,WtzBmSmnQ5b-cCJqX6tt5LN88KY2lXTKW9aZqjl-rRiPci4,xiaomingaa,804,232,194,True,False,False,True,ykP9Qua0TgXvl7aebsx19cm8EeEIPBIDjzWlFzYBSARXiZ5vYdTCyOqY,10
CHALLENGER,lGvHZOUBtwGgXHJDxiqc43_KZValZ-t0andgMXzGMrYzGtiktf5H11h7ww,코알라는 작다,882,130,97,False,False,False,False,rYGFDk2OH3mtsESy7oSh9tEb48rWbEDvfKi0VplVDqgNGlKsWUGag4O9,11
CHALLENGER,nAMAV0VHFmVmt7JV42_4cgWQtkUXTH8v49MKSphRi36fYV4JMwOyrHN5VQ,duibuqiman,1084,234,172,False,False,False,False,dfqz0jmhNWITu5voatzZH4ohy7IzYh7QInMXAJA6yPQzYH1HjboE1bMj,8
CHALLENGER,20BESeLCnCPcu1r8AmRJoRnTbMICm8srvI8vLFmVxTF70BQ,너무절실해,683,224,184,False,False,False,False,gxqO7ZGTixW92J5ZbpnZDksM1_yLqVwqsUVjjqLx6azMcuk,7
CHALLENGER,pP6FSNxeu5v0xWBg4AsKFQtfY-QkGUZ5KVdrlqgbzt5s96XBBOmXFnVjmw,kimchi warrior12,1032,125,77,False,False,False,False,Hcy_QEXmSruFbgQx-uyRK2SlITgU6tf0a8Ifz62C8tFnAyAqN3w1CSuh,9
CHALLENGER,hU_y4CBBogV4jkszG3qUsmQTQpzTs3T0Rwc_E-2NnLZpAScJX1wlCRl_FQ,Hang heir,742,340,289,False,False,True,True,jcGvdVpPAHcwRddyCrWPoznAEV3XY1nGcxcr7A77oDSD3O4hZDhVa_Jv,11
CHALLENGER,Vym2mLGu0WggXc28PFjXrRhG6eP8HIbJ-VQHS-jo61XDfzA,Kim Sang Hoon,763,323,292,True,False,False,False,vGeeWuqwpEFIR_D2KATjRbTSTTiliek8e4I9ndV-cSzQsvM,5
CHALLENGER,DZSMkcNiuURu7PzURvGoO2dZ8E8G8x6spgUIg961OOYBO2k,푹 쉬면서 해요 ,935,398,321,True,False,False,False,u6D1D3Apv20WxpBtW5cC6EN7AJNVCZorBqd2Vafchf-2EQA_HmWKMdQX,9
CHALLENGER,rqoQ0Q2AUdU0QFQV05OLnXxLwD7IJIKWz6TD1O2aK3DNUg,단군의청춘부재,637,291,264,True,False,False,False,3wqWSiLz2JsY_xMwOzxU2elpyB-1iRYPPGyElC6Oc25m,8
CHALLENGER,KZ1j4tkVhAZysP-CZzxgbAulwVFnVEz9e6uFigPYeLO-L3M,ICHIGO ICHIEN,673,237,198,False,False,False,False,-RwHt3aJ2xHBg9pEJrUCW0vyd6Gc8tUYN4CVpUKixv0l6YQ,7
CHALLENGER,Xyr79nzh3xfWOSKHgq8FeG-NfqddHDnBRVigZ6PShNyQYmg,KT Rebel,1151,320,273,True,False,False,False,NpedSSyOUL-pD2tUVr0uVtsbUMJuZauN0Jq-R9Sl16EB5A4,10
CHALLENGER,L2BEUaVjFzZIzeSabvMQbjsxQUDV8ImK2K9CgIb7GewFScs,Gen G Peyz,863,581,545,True,False,False,False,qP7fSSnpwHPa7T9XmppOIlbod97n3HdBnGnIfCCCWlfDhvkiXPqxNyPJ,8
CHALLENGER,UWfjgb6FXk_t8z44XJrWztHYczxWqmeupRi6szO2v5Zuc4w,Honpi,678,360,329,False,False,False,False,zMJ34TdPq0iITawMV-0Sqza86pbyZZuSyl9ouDhdFqY1cwc8PZUsg2gx,2
CHALLENGER,jzugp0S1AdlzypkKwl1ddPhr6JtYubUasVWuXCPTv_-tdfU,BRO Jin0,792,335,296,False,False,False,False,c2YCj0YpktODXzuhJuYC3mlicljBAAKHxC2oIGgmGhPSTlmyp5cXVj9u,6
CHALLENGER,gVOHJQMpBrLM9nxXBpHc803HhhwDoQjtKNcyEbR9QXb6zDA,chuanpancidehuli,642,251,224,True,False,False,False,gk41i-Gy3-ouL8VCseEZu3Z-0CSVRe16739sWQTXmw2cBNT_jFyzgDU9,13
CHALLENGER,7EuehinzIEoCzpD6cljEcjF_SlboMMAuQ84isgPRkuLBkqQ,손연우 남편,752,141,102,True,False,False,True,BL5k021Ck_SuaTzTLleMyvuOCWDob2YAOl20wRcrtURW,4
CHALLENGER,4RVbiZYIMPzD0FSQB5QY5tGARjPJgy5YCTZwYpErqawn4CK3X0G_7Ag8yg,CAN WlN CAN WlN,703,263,218,False,False,False,True,0gE3L8GGmbUP-W3wB8ASzEhVzQRJNgt1FsXIAw8uE8x4Xz4k8td08hZ4,10
CHALLENGER,UrrIyAVWpnzicE_qVuxFCmL7QSqp7KEca-xEW63VZCFXuFD5G4uX0o0jcA,백 쿠,639,220,172,False,False,True,False,Z6ttucNlxLe9lZr5m12pHeroJeGofXytV0ZE1IRA8wGm_KopqxSlr935,5
CHALLENGER,oAfgF45llLMdnefsA3moNk4vjkoZIfdNbk6cLejTr9v7cRQ,쌍둥이그림자모험,660,233,199,False,False,True,False,G7erq209KZn1AAuyJjP4tYpoIe2hHSBEmIBswSdPYcbhjEQ,2
CHALLENGER,V4Dm_vZmlwXn-3esvLpq5oMWB0jPvRNRH60zmQgrM0P2lVs,Rumor,631,237,205,False,False,True,False,4tX8nQtIiFYDJQEFK3AaA-6PTMCvnpBM0FKiCisJVqsxneHyxoeeScOx,8
CHALLENGER,3YsZNVNa6XC-pPpuCRMVkpG3gAmrQT-wnmcKZMVQn8J0bQ,엉덩국 갱승제로,866,416,378,True,False,False,False,E7ri23NVOld0Y7hku7a13diywoALctnITgSQXbzu6-Yw,4
CHALLENGER,Cz0IA_34V3PClE6OesiKdP0GWAYtQNwTOkN5_CtA0yBQtdo,BRO Roamer,1062,240,183,True,False,False,False,nMVejxLJ8oovY_5s-Q7MbdjvDenXXnfixEnyQQX1cKMURmM,8
CHALLENGER,cMY4wxDXjVPZtP_dklcSY5MyO4u-ZBsQundWCMc6NpN-KhU,우또기,747,386,339,False,False,True,False,4CEZpO8u_5Mv5ylhNYaH2_ig_WvgHlype7LL032KXvEZVKM,5
CHALLENGER,__0KvdOCGlTUrZlOCwcFhDohJ2vKJon50dOHhZnnp83grQ8,나는이기싶,656,406,380,False,False,True,True,qKvg7LqWqmLsOPLLONF6UY4gwqgqm8N-ytNTsKwBh9LK-xIDPBtJ6xN0,7
CHALLENGER,xLWpTmu_HWF_w8d4lSv8hVnMEZWwdcZ9IrwDIvfielvuKZ0,BRO Jeong Hoon,974,213,163,True,False,False,False,56tWFtJKK_Rqh_RAzXihy_0xeJLhsVvD_6jXMCPs108SW_M,11
CHALLENGER,tkx8TmNvdzze8klYswpQljCMmAehH4d_ngUl-iSbMtQdR54,KT Dove,1292,339,277,True,False,False,False,A4MK2FI26lBv_8F3AT8vYnD2ESqBUZU8Nly1G-00QYAjhPc,11
CHALLENGER,psTq2llt7CElhXvDto1v0-lZ5yMdPSvNfokzx6rzClLEeP29VE1aXfXlWA,서 두 르 지 마라,980,224,176,True,False,False,False,cLUwuix4HjN5XA3FBrzSDkRYr3Tg33Bw2I8OQ-aHi0jfByD1D7Ja19iK,13
CHALLENGER,-NSqoHKWRytuAnx-2QICCABIrbMWGFxYWdEWvBPMd6JNvK9NThTuFB5GEQ,bai gei,722,162,123,False,False,False,False,N1QWu4D0uvZpjJy3YOhSL7l79jb9nu5oj8kmvnAs8Ym-0Sx4lpG1H8je,9
CHALLENGER,JsiYthwrZoWwaVB7cDSHH2K1U7arBNLqNC-Ibx2BfQ520cjIl5rNO90bFA,hope1,1353,234,154,True,False,False,False,7lWMTaAcs6wRmJ4Q9qsZKRL5DwTp6RBcLrXKAFfPx9Qj8ivE6GQt_P01,3
CHALLENGER,27zRx5XdqpGa_wjU3RjAAGvvW4QxeNA4uP3bblAYiYQnKgU,치코짱946,626,215,169,False,False,True,True,nPJdCXTLnFfgUYbtqEChGOpSNaOy8IRJDn4R6EIda47Qu06bC42k360K,8
CHALLENGER,390_kM5YGEpXyvQjcnXP4NAs1bLhij7UC492IDsNt8U3p9c,헤 돈,945,324,272,True,False,False,False,58r8O5xogY_zxYvOoSrR9Kfy2gN7tPCCKMOBrCb08ChpFRE,4
CHALLENGER,dq0g9qxCj1WqX_g7pZK3Aam59SHjA0ZtgRIwq7zLT8dehW4,칼과 창 방패,748,180,144,False,False,False,False,_ALpgcfb0L0Zor02RIKu7suLM5qFj15HYCFsIHFwcf5w7ww,3
CHALLENGER,eTZGNqR2gMfmqYDUwRVtPv-HK_0TzYyYUu-_13l4pRRPI9w,포식자,813,373,334,False,False,True,False,yueo1tvgOQx69HTglLJJHX382DFK9hn1cyj7_IOkwChy6IE,10
CHALLENGER,ryk0SQwXsS3v-h_YbwwGxChEdSFxlLnvP5Xfb_qYPVrO1aw,i hate coward,638,193,152,False,False,True,False,1MMwuNXZNW6Mwyj4mnCpaYlX1WGaA76n77m39UNI8wFAWNo,5
CHALLENGER,J6odHSGFzy8kB5oN0GwWHZ3Ri7-iFISj6aIlFElUsuQvmw,Iove galio,1181,310,254,True,False,False,False,XjuQ106QdZpxcw_8xVwwDsf8fWnTTwNTkm4t_V7DT33g,2
CHALLENGER,hfeS2D_GjYjoHTCQACGvZtPGcAUGhsXYiqCmx6Mz3ehkrMU,Small문어,979,344,230,False,False,False,True,0sRqsxcpdmM7ZVX0zZ6fjk962APYeKB8UCLQqOnX-2TrDWE,7
CHALLENGER,zoi2h9ip0pHMaNGv2lMcJcZ_dMEM-37GbZsjCT3Mfk6rIBk,BRO Hena,1132,485,438,True,False,False,False,Dymb8E1bSHHDhYlEtRI-z_Lp8Yktb9jcHFCFzGBm2OXVtHM,6
CHALLENGER,-xH9zZbWMRw8ftj62hfPBrrh2JfDb5q39kpDoa-ATUOaDA06LuY1hU_C3A,gucheng,627,125,81,False,False,False,False,uIV2jZvRuqwt8JKYGKIItzDMasdyFYBqr1hcz0xbmxMeWjjKmLQJJPvc,4
CHALLENGER,qqpFXtWm_mBWYu3dRQCZREhWLI72aYemrgS_9NYbIgwF6gs,KT Way,1112,330,277,True,False,False,False,OFZ6kpyCFDNw_AgV5u3QqqRIDPUJG6dNHLEmZLkSwjnV3M8,8
CHALLENGER,QQBrrcre8UVt68IIiUfS_3r8n3cU0IIqnSbHxhWzgpM6QiuJVvwlh1y2Vw,hui qi,838,357,297,False,False,True,False,wcm5bkHPP9upuu3v352X_1MmrPyYeHlPI0Ui4MCq74X-sYPypNDvqeHS,9
CHALLENGER,Oswc9wsAVYo5rV866yvs1cW4GM6Z8E9qZhzCryBlHhmZGXli3GYZpL78TQ,d1 my home,747,341,288,True,False,False,False,NjQEBSvkiOtH_sMJV1uxrk2Xlvyjd_NIT_r0P3_FcUC_Goog4lxsi9Mk,7
CHALLENGER,pHtPNjnc3aHsfHH-6-PZMe3EjR6P4AO1u0P74uLg9rP9oaA,latuifipai,647,159,131,False,False,False,False,0f9_gpoUmVbg7Tv4-lWakxcm84vPmTS8BzDIojKSDCMqHPs,12
CHALLENGER,sgK9iHyO1FLwXLdr4gPsgcgTJsqvnUl-Gy_Obnj4ODm8joo,Ta shi,874,372,320,True,False,False,False,3ZrSumrjDDVQrBgnxWejBbS-xA2BCPWGsUp4Y-c-m5NQa-ZVzSLRRlBt,8
CHALLENGER,mGLD5-nya1M6BoBrXgZVdMqZrlfPmEVZjwgmo2AK2zW2RvY,간다라쿤다,822,333,293,True,False,False,False,edo_q9SVYlysEbGfgC8eC1yIxPxgzbN0pdcINb1IfvCgZkc,8
CHALLENGER,4XtEEyL5GYht9J-p5OZZSc8UE8HnK8FdP_rTCW2XIcYUs0YiSyjjyi_VWA,blibli huacheng,664,191,136,True,False,False,False,o0S5wwu19MPfuGAkGtN4J89mFjvqYzWd-N7ZyaXBf6yYKF-V36_SnOk7,5
CHALLENGER,yIlmF0O4jYCeiBqZ-mSm_2qV2CLUO4SpR9fCya7gQE02Slvb,caVik,610,198,164,False,False,True,False,onIkTzTvsCymWQJzAvRwIL2VNSHymze3KukRauAtMP-e7GlMidpBiXja,4
CHALLENGER,CMZVr0bbvJOTFNWCb2BagAcwqzIu3eEmj1gihzkkDTG35AU,niranimag,656,414,376,True,False,False,False,mehDnQUnHMBamtBe993Z3wPGmpCejL3Ukpf2gj-IszwMsIVKPceB69Is,10
CHALLENGER,jdgobnSXjpDN6FMyROygXCHblQziWW1VhJijKIR3QxPCnpw,beccazz,782,238,190,True,False,False,False,h8J3vh4L2V5zg2o8bV5gNeTZWwsspfXkQv8iCUve8fXjx0r8DSRxKdz1,8
CHALLENGER,JGq6IswVN2KOjr5TpCmiaAuL08Fkdf-kFI269JVmfgAG8s0,타 잔,749,244,212,False,False,False,False,bgl0j0ysa96MLXJ-twn5ohYtAGrgVbeFnh-CHh5WKRcpohM,9
CHALLENGER,h_7JZn-MSvdvyZImGSeDfSJGYm33MsrSFcYwphfpC-s-Enk,T1 Keria,1141,230,182,False,False,True,False,M-ZstCvKtQMzi4IxDRW0L7XvN68vYIMlWNlwRUNzAYgerG4,11
CHALLENGER,-z2YV0bb-AhNlvxu5-lmmFOY3-eiW7G67reva7Hy46vMSz9tYHFqppsLGg,sickomode0,648,174,112,False,False,False,False,pq0bPhbYOjo0tkPsWv2RrnR_66vceMr8CP8cOHTL0o4g3npGNKPj1xRW,11
CHALLENGER,GWJ9CkF6gBv6jpDABxMgeLFAomdgQ2MzEx6YehJo9gc3DlQ,18세 기모진,674,220,180,False,False,False,False,9hNGDWn3II_dxrqLrMfgdePGuEx000I6j1NXl0oxBzT7jtQfVZif74b9,5
CHALLENGER,u1_qyyS4YLYG5nAg7xb-BfnlyAX07LnsUFSikbg6rXGY8DuwbX21-1WFrg,Octopus1,893,447,374,True,False,False,False,be0U5cgCNajteeNYt88WwBCoSkZnIFUXBFP1i348NfnXyslgz6XjtoIL,9
CHALLENGER,MuxbxW9TkywpDuzmxpySSybarLseTorlgA4Pz5iU6GE6HHI,Liiv Croco,1137,173,131,True,False,False,False,B4Vc7PYrtN5sXhhq-oRZ79fRDc2tXfl7p3dpIf6sD9OcShc,8
CHALLENGER,JEHgH1R4Ny3ePTcn5_T4gZT0ihDuFlqFrB_F-5pbdVc2wMI,Poxu,685,258,230,True,False,False,False,mHjZvAEGNajoesPupClM-szAy9uhvRKYLHqgtQPsojTG-cg,5
CHALLENGER,tV0zzK7f4_ORy0lH3DxADegIi3SUierLcjpGgNhj_8ANZ2lHRcrra_6Zjw,vivre now,753,375,340,True,False,False,False,_2oevZPynp-eb6cfZCshN06TcBKf7nrS13a5xHZNEdagUKt8h0XshccS,11
CHALLENGER,X9HLMvRfkMCJugyM_SiO2PLunzCgZbrDDVM_9ocDDOgDqgc7oarAvQowgA,Ysbeol,686,117,80,False,False,True,False,pQODdEerVMzj_wvymHRwLtAXJv0lC8JQOCf08TRfgn0swhqCjO4s3BQd,8
CHALLENGER,Prv7NfrLkalnR8kkLWf9Fcz2ODl4JkkiXGBCIkYveCJgnkc,Liiv Summit,637,193,164,True,False,False,False,87QP50Ayk5z6NI_MwkLy0mAnPks9y0xBW4IVBIefut8K8rw,11
CHALLENGER,HOE7lquPfV1ZktB7qE8UIKL5S-d-ac6TAFZEhSSdnM-XblpOey8PeVWCnw,biechibiech1,1056,273,191,True,False,False,False,4A6nSBlvgZYhLg6hdTewkTHajNQiGI2mhPBZz4JZKnAqhQw-8--RQuKO,8
CHALLENGER,Vg3ifiwUcgJmdVzX6xqLKPAA1VIXZc_ux_R661ksZ15Bq_RNncSt2K50Tw,에이미 리아,791,469,406,False,False,False,False,dld0kw75tUe-EUFK5yrTSEo89cEopnmtMd6INm-86vutUZBg3UhOEBdc,8
CHALLENGER,Z4gww-07g9EJjmUo4AFtnVNdmJo5N1yEZEcStLLvj1cye1KkPJRDvwFlVA,I dont deserve,822,307,267,False,False,False,True,1cPNGY79X0dFI2gdN7WLQmBdFGZj9yTC9Q4QyNTTBb3uKHi4ADeIncHb,11
CHALLENGER,M-9zA_Rm4tjBotYklRpJePfodZh2w6nGNlpWke3eMlT7b_U,axczsdasd,927,147,112,False,False,False,False,RlxQtBvsYrs_7GRrjmgN25e3ATUXQH6bzCLzmkHH9peScjU,13
CHALLENGER,1wMhXW30QkOM2S4zXb_zLE2nl6aDdtjQpiGAKN01kUzecq8,KT Castle,1002,329,285,False,False,False,False,PLqVllc8eeRk1apk1JVy6l9GB-tYeXrTmFhbktaUSws-CSA,7
CHALLENGER,sPFNlPKdebhaPqb6DPcPr0cYBHC8r0qxAwoeeUn7cz1S3Oo,당근채찍맛무야호,636,123,97,False,False,False,False,f2dWpZAyIVeynxR0YUoEcWlIKzlp5X32DpJaQ2KVVYbTjaY,1
CHALLENGER,PecZbFb2pjn1O1qQ_lluSesHqfjzToV5XBDnHBwemUVJBhs,Destiny,623,288,262,False,False,True,False,dSUB1IVTZXUH4pzXP1U5nQFaXsQtoGGqYthtHj7TaOCJheo,9
CHALLENGER,3Ns9RKTIcTUH0M3lc0ZDhS3JPrDxaVsPjnSSrzH5sg7GvAHf,수형아,655,102,75,False,False,False,False,8jeMCB3jyza8FbGvLaEPvV2TsFSOqW1QtncdYrh2TnF56tBDbDDUClFP,11
CHALLENGER,HyioqJTdQwCtXVVks7onytysbq4kEXlG5zjQBYXbfsvsSxw,FA MlD,940,266,220,True,False,False,False,3edc4jPjpLAZpACfccDfpM01hnV05VvCcGavXoDJ6q0Da121gau_k5GN,12
CHALLENGER,GSQSRG5_FUGR6eNq_ISaq9DVIhzezZKqOudAD35s6wFitaE,혼자 온 세상,713,216,189,True,False,False,False,61wfbHK28Lu6Xr2nWXTKDcRsTkFSp9dy3kZcBnwUqUWh9T4P2aW2uFdJ,4
CHALLENGER,E0SFeWWSimX5bkORx0Pl8ux6EQbHaVSLvtGU7avk0FR1CA,PowderSn0w,777,295,249,False,False,False,False,2No_zDdfs4ibhDe9aoy1BuhRmOSy3ANi51Q3b4g2633S,4
CHALLENGER,ocJi3WWtYQWr-y3NPHY-KcK-IkwZ0kLdU4AVFBBsgqh0bP8,Juhana,1051,478,435,True,False,False,False,B-5rUZBt-GLpURIB57Dgc7OgXtWGB_pGubb5t-UzFHdtk_cCcHFbKyvD,9
CHALLENGER,Vtk0mCGAzSQSChU7deP_XvoJ-2P9BV2MUjzJROiMsQSE8NM,전광진1,630,533,497,False,False,True,False,mahc6l9jTpBPmzBj9OmpvuG43AZG3feNVpBDprO6JuwxsTgb6Kx_Roj8,6
CHALLENGER,sXkbkDreujQHMslr170bXLYDKlTaPBU8d3TP4xYo2-EN-58,DRX Decky,1522,431,351,True,False,False,False,V3cFckFDHfbFYrNtEBok3qus21bFFBCIgIgRhhyNjlzC3Q8,6
CHALLENGER,0Om3ZbJYBivq9KrdxdMj01HyVw1xtzo4JuPnPll1fwLaXcg,DoRun,660,303,276,True,False,False,False,Iz64IbceQbVCvhQwOyNgJ1dZLfRcgCmjaZMLONnJuvb4dg0,10
CHALLENGER,C85Zdwhus5TxJMe0ER84rg3LhFE4gCVz4BI6qeld1NTfEpU1dgRf3QWzFQ,vcsa,841,430,378,False,False,False,False,PV2DO7VJKMLKcm2Tc_S9VaZFESZoqzq5ep4D9759SYZ3C1Std3ZiHzfG,6
CHALLENGER,0xS8QVn48BzDddqDJLIB2NjFCLOqQXSUiiglfYM-vJ42IBc,T1 F0rest,746,537,506,False,False,False,False,QoWjAner33N8QC4f4OlrlF6FEOi54amOcVoJS_j59xuG0ncnljpMI2Iw,12
CHALLENGER,2p_BtsbFA86Na0iYCS60hYduOnQY8jHSxQGR2OiSea7yQw,킹 갓 황 샘,913,276,231,True,False,False,False,nN7vk7VDZ5RtyDs4riJ7V_GD1yovaXpF9orhnSLCS9og,11
CHALLENGER,nvF5fw8WabOzv5cDTj_f_H3_Kw8mMasRrghJlD4LSIn0sRAzg1kQFKCgiQ,담원기아김동하,813,141,84,True,False,False,False,j8od4VGgVH3188lifztcMimPEUJOp2llOL_SBfB32p4f1DF547k8bZk2,17
CHALLENGER,ykBPLnoC3saKRGJVAWQIcWtBJAI47wTsFrag_cn8G4tQ7tMqC7JoWWJmxA,xiuluoshen1,637,292,230,False,False,True,False,l4FeUwollmAZDTdrZNNR5MF5w98scQ7zgxTz-RQJmp6vF-bmj73wMsKP,8
CHALLENGER,weRW3mbYHm_gvSoPp6ZYa55gfQHbjsJ9Eel5tcyrqEUPXm8,원딜 왕자 이채환,688,398,371,False,False,True,False,1X-XE2CRIDs4XaIBfO4wDoy3d2SYAPc37WMxPVgT_E3vUJ4,6
CHALLENGER,o6VF5k902DJHURnvvm7b4C6gHIQNGHr5cJqSVpbSPKY_-YY,yurigaokaa,640,315,284,False,False,True,False,x4hMa38wQJt8BrktnLpNZGZ-ywWp-Dql9W5NCpT1oKBahWc,11
CHALLENGER,RdkYhkIi0_KW_tDRgdQHhVcn5NFPkPRwqq09It84Suaj-Q,쪼렙이다말로하자,1062,456,412,True,False,False,False,uAauCAxPQEOGqIASw4Cmo4C3pak69F_jO1vM9VBGoizN,4
CHALLENGER,GUnbVRezBx8kbOvbXE4jGzIS3XrBndreWTAox2AIyT3Jggc,BRO Hoya,1418,260,199,True,False,False,False,-A-ZTWXEXAMwP-omzDqQLKN4qqehf_hHMQNJroV_J1-8ck8,8
CHALLENGER,QvyRHQbuxCOawPfviAb2We5SJqTBZ9pOxH_SKDwd0ZDv9e4M3ZxiOO8cmQ,wu guan feng yue,1151,456,397,True,False,False,False,OgZRN8mXyidQ8P0aYt1bvnCT2ijk9ObR2ixM9E1EtmqK7FZuNPQpeUUL,8
CHALLENGER,pJZGQvylC7N7YG7eDJINaKv4lVtt5mTTlDOdXTN4fjxmYJs,viper3,1044,274,233,True,False,False,False,z_knuGY73romtw3izM5GC-u7hyzVgk-D2rKcfGgfhqw7oDc,9
CHALLENGER,GMiyF3tJUodnQx2bZ2eIfNDy361wEIQuRAUL3ADZFU2ttGg,샤코대장노령진,628,327,292,False,False,True,False,N77_z-RXWpJxSUzJwYaCKIX7UVpuu8qnmHo_3I44FpPNISU4qpv-M3cH,2
CHALLENGER,sQjk_Uhal5JkiyWT_iHuIxN-9c-anUxXEcWH1Z6Sx-O6ARQ,Emilia tan,667,382,343,False,False,True,False,I-Eb55t56gVZb5KJGzJLVLBdYcc8p_IyWMmYpDLKS9h_Hq4,2
CHALLENGER,t_m4MgN7heE0On1m-RIu9eat-z3P1SgVm3yyWGfPKIL2Ubkj,bcaaaaa,661,333,307,False,False,False,False,WN1i_hA6bWc0e10g4-vGILHIHQn9J_JMJFLk1fwteVYNrb_-g2aH093y,2
CHALLENGER,xouA1NKvMJG_pDQZV-LcTQ4Vq-n49aTclYQeA30s_yJU8Bs,HLE Deft1,1210,321,269,True,False,False,False,50vV3O5YckNFLfcFmqdLxRiCc-0eAWuxx9KuYsasVDCkxjw,12
CHALLENGER,rSizbudL3tFzW8g5O8KxqaFfESNod2hij6uUi-03X31Iq3vjyDSg3lOzxQ,ja1L,803,94,63,False,False,False,False,F1Ye-0GBSGLukfUNOp-1gwpnd9RSMK8z5ABqryFSgGruPBaliZko5ru6,9
CHALLENGER,o9eG6eIFjZb5j8mVfGXfE3v-MykqlpHkAoPeg1uZ7bQUow,탑 혜지,803,417,385,False,False,False,False,EgFpoaWYaHnrp-40SK9IOTHJITWytWQiNDU7aQ3sZA3c,5
CHALLENGER,4dqSL2NDlxGZwhCNSHvP7TLyya7dR6B1K8lvtZ-SvxdA0tU,Shadow vlade,717,578,535,False,False,False,False,Fv4VviemNCpeZKlLa0kLTDF4ww86q9FExK-55aDachngQJU,10
CHALLENGER,qi1i1tqWOkiTYV1cYjvGdQj4ueNjOxOiGa2gSz0JWOV7Sd0,스물다섯번째밤,686,170,142,False,False,False,False,UKhK6WP7nBnIPuINX3TU-K1-lo-etgBbYtpAMO7wzJDaEJiVOXBxvk2l,11
CHALLENGER,6ZcjTa6agiqYzwfWzu1BIyAtaoBBtxWqupRMTTvpKLO_6w,asdashgawas,809,151,118,False,False,False,False,GYW3XXD4Es_0mbIDYzL1G5uE8VUYA66sf_g1AkN5Iipm,4
CHALLENGER,oK4PqAUC3EIopJmSq3wXnpNFMp6DIYVhRw7zxh1YzmU0dl8,G4MBLEER,675,527,498,False,False,True,False,TTy55iap7VlQyqBaOfs4JikdfegJ2GG3iGyBkMaP8MtUcCs,4
CHALLENGER,fm1sYap6AYvkTziSeB5Ydx2gdSY-0wK1YHIMQd_h2yE9QMG6zEwckqsCCQ,TwitchTV 지미,627,107,71,False,False,False,False,Rd1XCBPXJ7sb1AFFO8u1rvEUsBNyqySRAixN8VzZDZJjUK8Fi3dBHtWp,3
CHALLENGER,-Hx8z5VzqGlBVkGqPkvcpiEr26766bq3geFKpG-1PRNOg2yG4QrH55kwqw,98K,576,210,170,False,False,False,False,4hb7HVyKL93Nk4pBnPn54A3b1Oect0gveoMTv472Zq5hqKvduGP7FAta,3
CHALLENGER,hEAY-5Ie---LwQztJ_wBJjegXSZ2Ne6w5rBQ4M1el8eM7fM,서폿있음,845,289,171,True,False,False,True,xcOddyPEy06hzjPD0Au8Y_7R56e3ocrT-b8rHwyUzPc7GGxzZ0AcCxCS,5
CHALLENGER,d84nlVdpQGGRP8F0a_xldnNWN3lw6beeG1hBuHlXVnBqel3XJC703AE94A,dcybb,1134,261,189,True,False,False,True,ZA4-SB--rUdD6g0AjbOk4OrdVM97aFLO3dP49UdFaGMYJek1E5OUQkyx,13
CHALLENGER,yEySR2iF3SHw3plBFnwBU8AfXBQZX-6ImDRPsbHIY09yhDE,죽다 고요히,690,169,127,False,False,False,False,FcHhkcasH6x3msf9M372lIhbMYNxMB5ULa8G8UGVP5_F9Rw,7
CHALLENGER,M_HTQF9gZ5kKRmP-3y39Q-wiZ3KIVND3eJSymC2c8sbpJ3w,Gen G Rascal,651,204,178,True,False,False,False,3hXu4dX1z1xsPME4oHlhUUDZTjnVROzDzmWzKeIZFUmQ-9I,9
CHALLENGER,by1hIKjeSwGm6lhnEubucT-24b3K_lgcY1d1Gxm7_3kkauk,IgNar,623,160,133,False,False,True,False,LHLV5_5ZmbRvFPHOIhL8k7_vLe8VRWOt8124_LARBlaa,8
CHALLENGER,4eZ1wi99raLbToiCYVsIUqZVskvEksclWE6vxw38oe2fgpkTVKKgebctIw,세상은 이렇다,657,271,238,False,False,False,False,qoXsy5R71K9zi0cD8POyhL0t4dr_7d4ntXTzU40JO6eTCtYxrKnGHKg2,3
CHALLENGER,Vq_LZnyPTwpwDKrBfaX4Ve3G9BP6BPl7cnrh9kSBTFfmzdI,ecnahC,697,351,327,True,False,False,False,6RqL2Y59S_tX14lw2FsyTOyiz5Nhx1shnxpzruDgAVYwkD0,11
CHALLENGER,oStfo1MiFZde-of-kDSREEAqRexdu7srH2uFX3chTwRtbFhlF-eg5guzgA,죽이고 싶다1,653,212,166,False,False,True,False,STs5ZXSzTxnAzxkU55BAWGt88fkZvZ_bqH53v35YZyI3B9_kkv49LxXs,13
CHALLENGER,JKPHWYiYcicQV1B2Q7k--jju8Sz1sg1L0SoPnNr12dTcKN4roqZgKwdL4g,Lan ting xu,686,83,37,False,False,True,False,XmxV2E8NLUEzvFgk9I_wYdooinbcmIaQfpeJzE8oK7c9Yizqu0vStNIT,8
CHALLENGER,NwCx5NhtjoGPWVy9oSGAKl9QA06uAQx0K-lz9o0jWA8LV8I,KT H4rp,768,306,268,True,False,False,False,SqULWN5oGC3vR-yjW8xhuhok-rBrwxV0DmaDmDKciUxT7Kyxt5IQpKkJ,9
CHALLENGER,bPZz8OvTjy5CNk_52au7jYtYtuzrPazNNVG-XYw8S5F5yO0,Faime,858,419,384,False,False,False,False,RGfVHmq-KnylYdwkk0ub_z0GYfnXClqiX6ySYYllcB_-HNY00XF0_Bwu,9
CHALLENGER,t0yRMVQNrbmiJ0G4EkLMVlqO32Qbt07-3sB9u-jsGWgffRQ,미북이,659,299,275,False,False,True,False,IseJaHAQSBYu7N-X3jBdo1u1OcDpxIXMlagLXg_VDjFUfqM,14
CHALLENGER,kIAByBBm8ewnLSBt9zzkgyG5tXgXANLK5W50rFEysJwUi5Y,T1 Ellim,728,186,148,False,False,False,False,OwPWROM_ZPtfUPIMxtEtOIltNaMX9t7PsRP0Qj1u0DQ3pqQ,10
CHALLENGER,M7YeUFjAcPYvhEjnX09whrDrWY_DVNYWBmuazDHg4fxz18A,xiaguang,645,142,113,False,False,True,False,C1gRht__dvdExB9lAaE71t1xqhSvVx9itWKl-sTdfpgqgM2r_RkemYma,7
CHALLENGER,E7SPiTQm6T0qUHL7S9b7oz4h16Ue1sMxR0b_FfJsNioRerQ,정훈이의 모험,1275,172,113,True,False,False,True,S32XGWWSaYCDYQsWwt4bJDhxaKOaF2o7ADCWd0n4wAhq8v8,8
CHALLENGER,00h3pqOaS300eK5bPaRWS_APWWHr9SGXzjC7f0dzc48xWvk,V스타,862,145,104,True,False,False,False,RhP0u2IzVbN89yZleNNMON33Dwm3ED8IS8kyQJcCshNpgx4,13
CHALLENGER,_NxllD4yVLyWCFbv0nvxcy3lkNed_4_mOi0h3fC4UqmBuNw,AF Minit,843,336,306,True,False,False,True,K1cQC8SaexAtbEzZxgyqP2qIiqrIvwaGfz7ySDQsOWGxTF8,7
CHALLENGER,rfWakDyiV90jxQL926EEivfg01yD-Vau5r-jUuc4roBuRw,바보상단 이현,644,348,326,False,False,True,True,SjRzn1F9WAW8-QEspSPBBrUQihvRuoRVaXGoAccHtr13,2
CHALLENGER,9WNAU_dyeQ9I7gOoWKIQ7aV_41FOrg4OhgDvD6TWhRKdbJg,HLE Morgan1,759,202,152,True,False,False,True,zFdNRq2OtsuGrmTrFn2ugbbcD-B2LsqE7OjKfABFg-y-tbE,11
CHALLENGER,6ENc-aX2IEbFuB1Z4j3yqYNx7HF9zLOJIRkWzKTqK0jckubOH9bEtcOS4A,중년의 활력,829,296,241,True,False,False,False,bPjYNyEpDgXUwUGp0dpJ4huPxurH5aiG2I2gk66Bu8GDL7IXaKdJUIqa,10
CHALLENGER,d_Ydp2Dh8bcaUq1syy6FUGAuB51FVeE1dhAVVpqDKu7CuERhhN62di0IVA,주문력상승,730,284,249,False,False,True,True,brC0wSA8C7doR3VGAFN-4Hm-mV4qnJEzdSxqGclQrMom51JRpT5EsX_I,9
CHALLENGER,lwz6XHo7javXXlDh500c8VpDjT6P77Dsw7saTBaRnBpLpKc,별사탕이좋아요,890,249,207,True,False,False,True,EKoo5jXafRNdsDPAUHlYel8hhBnoh7wTzkcadqsb1Jr0-5s,2
CHALLENGER,FK8dJr_3eq7FxiHffgTJyCKPKuZ4rv6shkiBGS3i5_1hJkeqSzfGTTF_cw,postersontwall,1372,596,537,True,False,False,False,_DkzsMBml96zv_9qU2m_tAarqiqcMUa4ikUtFePcasLANU7gi4u7l4Zm,9
CHALLENGER,ZdXq-G5Vd5cg2GLFKIZxibIvcCsfzAVRZVGCn2p7--2lCA,PhasedKiller,635,146,109,False,False,False,False,4PIBVGMxsvVlZkg9BbazRkAzRImFFsV4TbI2X9D8j3U,2
CHALLENGER,JTd5fk26fFk0ypX3ipkOx9wUh2MAwavIPlau2aUD5EAW64Q,월석싸개,636,285,239,False,False,False,False,v5WpWsy84BgIJ924qCXvXTsrqF-_X_FFlphGxW6FA9g4F5p4yr8y1-hE,10
CHALLENGER,qdgtW_MpsmgW0V1qgNZ8hNfxCWJF5anrIJDlVsKLYcGEhV4,사람들은 차가워,752,466,436,False,False,False,False,lX5Kq96QGO_WuCJI85HN7lcg-c_L_tEhkI0OixTFBKdgjv8Lq2rDebxQ,10
CHALLENGER,OMk9w4OXWk2D871InnlSoUiEDM1YydXQHPGkVzNmlPXBxeY,복실복실 태윤,780,149,111,False,False,False,False,E3w7W2xL3JgEvJNJbWYAvP8SIqmkUt_rrljPWW3xj2x3JsQHTbO5_oTF,8
CHALLENGER,tqP6-FmCIwpqy687HNugzOnrzpARt7NLY0I0LQqna_6Jb4o,Gen G Burdol,1068,145,88,True,False,False,True,pVCp9rojPbAg55oGERr5D2k8IxrW35P6eL3RVHpF_r5QZhg,7
CHALLENGER,rZPmoDx59MpiJcOzf7IRD0um6lH1gXVguzsINNcZhx9C72E,FA viod,815,283,235,True,False,False,False,PKLyWC9PvYO771vo6EKOYnuFkVp1MPr2qIwuMPp4TLoOS6c,9
CHALLENGER,qFy4iC3c9pyEquIizoZiyV4Afy8Pue7UhXope8FnepXm2P4,supsupsupspspsp,873,321,288,True,False,False,False,mH6fmxTOGRcNZnmqW4cvdWcZlQ9Ou17yMorWI0e5KZMUJZ3FHTotI8tb,9
CHALLENGER,bJqR0j96AcMSjbPPGnsUzONm16g1IpL5s8NrmkFj-pq49f-LwmmD4iOurg,AKASD,756,272,238,False,False,True,False,4-LXTkegHIBePdm6sbm_fbLrnYsgGRL8VBCTRxmQy707cBxsMkLczjK9,4
CHALLENGER,FE95NTEo9RDQF_au8fLceYhspb4b-3C-0ZDlyJmfGdUu12Otm-M5FsyjtQ,어리고싶다,1252,235,184,True,False,False,False,5SPs6Iuv-aftG7ne0dgUBk-Y7K6Y4nOitOlT8KJgF3cQBt-ns9zfFT0v,11
CHALLENGER,iCfl2XV7-WPj2qjNkvAg1O7UY64QUn1E4zMmC5BV8Frqn2I,Gen G Karis,916,320,278,True,False,False,False,Yb0uRc1Y4bKaubipeTHQPVkv2sySRTieFe2aN1zMHiiGjA2Wv-Ue6YHL,11
CHALLENGER,lDxNlmn9FQ65qT7fpLyHJ8x-I_cAJDEcJvGEZerG2VMFUWg,Let me sup,667,264,233,True,False,False,False,TRXJD5zNoeZFJ4dMDVx2AIZxVyrBxvuQV_mdQPF7HJqqO6Q,6
CHALLENGER,f5pOuJkfIx0gFI9_pL7zrESry319IENPNEr5jpWJbdG8TJ4,15 March,756,146,100,False,False,True,False,ftLV6mUzRy2fjYp6mtMQgPCmdcybB8aedvatyUDn5uUFc8I,7
CHALLENGER,xhj5REOqgEGcLj4ktq_CkG5QNJGaLv8XDvBmW8We8UABRpQ,팀개못하면누누함,824,144,106,True,False,False,False,-xB_MXS-9fwYH9KaVj9zY2tLvn74K4RVBKpwl7_uNPpF2NBGrQAtM68s,2
CHALLENGER,mjIFRQDKFMQ3WKEKnIdhde9EsRh6KD0o9IEOKPYXknq9MIMt,zpdlxl gkvm,1138,180,120,False,False,False,False,Ady1OVO53uIiFrgwoCHyD09O2psiOMZSv0889LPcT3EUaAdTSHmo0H1j,7
CHALLENGER,4cbte3cFonP-al-Xpd1Au4C0nFEhgSnlB9xKSL2FlIOGjfphgaE0llegKw,tcdmssdg,1057,202,163,True,False,False,False,Fd4htXJT90tcwGVomQ7kXL2rP1T38EcQukUG8hyugl0CZRpJiS1jkD-V,9
CHALLENGER,s7BLn2yMb-jeJD1BPp0C560nlCjv-lp2zqo71CFxt66BUc7xua5ZTdCHaQ,guliduiyou,777,373,312,False,False,True,True,l3HIrKG_ulCfxf4DTNNXxM1PgtpHScEG-5maLotx-f-yEXuGVyU2r1Sv,11
CHALLENGER,IXlWIUe0V9IFBQO1HI_tV-73oZmIsnNVfBHQV7E-RIWXR0c,Dn1,636,195,148,False,False,False,False,lR8TPRBbFZWMktq4jFGYxL5U7HkuI8omizH-r9dVUAU-ACU,5
CHALLENGER,3dkL7wWDs7plp3kwGNPOffsmCtP18A-cs1LOAtg7H6zmFTBejSMZ7xm8cA,cvxnblkwerio,865,103,75,False,False,False,False,UhOExDQQBf_bIINTQkSYwE7ZqsPoHI2nIRJtR6i3440SW2sXIxaHlVrM,12
CHALLENGER,qzv3vqXlCu7v7dDsB9F1Jx_El_jZk1CBt86kVypXwQL75ng,See u AG,715,153,117,False,False,False,False,WrzaiWQDtnVQUrf3BH6y8tasdf0PwWz06hwle_w0Z_F16Y4,11
CHALLENGER,Mwh0y58O2buHzdQ2sVfRzCzB5kplDYh6NGv5aKzv-arMEg,외길인생 샤코,642,276,225,False,False,True,True,hCllA4usOcWx3bKSYNAXcuvtk5uft0VDBRPlfTFCqfjm,2
CHALLENGER,PxravOxNYuZQz6MHtwEBIdvqLMbTZtzlL1WyvfvOkL84IE4,Liiv Cruiser,601,484,450,False,False,True,False,pOoWyf3bqkmwpOvityykzusuRAZ1dVFbMi3sOXI3hdA8hUM,12
CHALLENGER,6fDVzXoeScjOHoZ2ISCMxCkJ_GEcQFJF32HeBM387ZNZVHQ,T1 Berserker,772,198,171,True,False,False,False,UCvrwO5ZqSIjWOsIqcvdnXVChS6zB_w48qhVm93XJjxFjaO65V-OJy3C,8
CHALLENGER,C3PclKA9C4S2zyR48J4PX0JoIVp0lRRpv3XTxam0cFOY4Nc,FA BaeKHo,691,134,104,False,False,False,False,lYoReXjkWUCOc5MIqMrSGaWrThgKZRc0gcRnNZwwZ7pR-cGkS1kRQ4DU,14
CHALLENGER,EeN6oGBNqnn8sV-OxT1vviuyf7Ha2jvm7t_d_E0ZGCo2L_w,트위치 라쿤99,692,172,131,False,False,False,False,-2xnbJB69P6RGY3jjDKOFhHatiCirNSeoJbDDjxjjKXjYYs,12
CHALLENGER,PdVbKqibbqOUise0Fny2xcMpK6WCHmf1PAHVVTjdQumpZms,교육잘받은도구,713,152,123,False,False,False,False,-lH9e3Ce_3tTSHTD0u2UHQCmZRTrY4soGSu1UTuHlgklDwo,6
CHALLENGER,-mtZw7lfL-1W7_bYartByXrrlAAIzedwoJ-mh3lozS1nKfXAr7Qo60wK5w,FA2001,728,260,212,False,False,True,False,H8JVjyxFsgYsnVg-aTTZ2ZVqB8synrfm5waCx0xKJrhKW-MaOivmpgT-,6
CHALLENGER,m65VQAj9zQWcPODc-E54TB212XVeVu5jeqrWeSJEjqnNiWA,Shadow Nia,646,323,287,False,False,True,False,5JbCheL5R3rWCnJfOiSBSYCfwc5XHem7sOKGwTbZ6Gjl,11
CHALLENGER,DPahf_zeELzCTcCoE8MrzxJAnnI49M0wi8OKpjQ4hfJ87L4,RIP20201231,630,187,149,True,False,False,False,YmbLqRoWsnjI4XHCJoTIlJFnIL3bxm9w8yMXO1JgqYr3AF4,8
CHALLENGER,YvaWdyeCTfOV9nVGnixQEcHO0AQ8E7CVk1C5kvYzNF7m7-3eCVrZQ4LlIw,IRELKlNG,661,111,66,False,False,True,True,LS_oirYxQScfJsjFc4ncPXYGNAOu97wrXK0_8PveJvDFK7lYJuPjZeJL,1
CHALLENGER,tUfEaLYQfS0qfsku2wZSN76XRMy_Wzf3Jrz-25xVSKXw2io4bbrRkrAACg,지으자닉네임,814,134,84,False,False,True,True,EED_KIxRJcdm67tDagBec4SWCgm6hy9vh2dpIWeA1HQwW0ARsBsm6p89,7
CHALLENGER,CUEd3vAJdTdvVgjxzxmmrFoppOwC8ttUHVCqj26CPjMTycY,크림몬,793,257,210,False,False,True,False,YpGkfUSJA_QfuAJqKZAeTmzlYfCt2sRIHxqQ7eX1sxKGmcY,2
CHALLENGER,ZNKFxnZCS5Zk648BF6AQrrq34gJzQ-UJSGuBA6BecbVqrNc,이 차가 식기전에,581,401,370,True,False,False,False,0VveOYYkXh2hhKk9M483m9C0PCp8aBWv18RTwE56zfc-D0k,5
CHALLENGER,y1rUHylwQDTTjsETX0oYhA0VyFi1ZkaO_gxCm_LQrkGdpL8,튀자튀자아,805,118,81,False,False,False,False,vTYjPXbToHnNtHqt4W5x5oqfCapbFr2bzG05ihhRbArKAjk,5
CHALLENGER,ZOqXiCoXodSPghcCAaEw3thqT14Nk2rihSZ23LkCGEN1pIy4YE_L9cwkMw,신기한 개,648,331,290,False,False,True,False,_RXt0Eua34z_pl-tPVzju7qnlz49KShCkLvsb8ct-VNSQHVnKxUQNYL0,9
CHALLENGER,o0_6KndFHMnMeJ0cu0OKpdWRnqIvYTwLqHzrGWSA-qJIWDhyRZvwXyWMcg,mm7m,832,185,151,True,False,False,False,FYTPI8Lmmrpaqi20fyeQkPMiZdWba2aika-cXlQXcI5cQdjt7bTK9ndL,6
CHALLENGER,XHiEUguhakoUZ1y0D5toFYjkAd42gFGfYUk3p56C-ybdkI8S3O2lJXoOCg,long yan jing yi,1034,171,113,True,False,False,False,xgz2NMoSfLIKpIC8lmyY-jclh23CoPgDnw9lT6aKNG_y5zSH3raxf01S,6
CHALLENGER,GmxRMOMKFIK_MboEA_OSw7rNE0BSrZCvPRxQi3TlJsDFEA,CCrazy,655,224,190,False,False,True,False,_MXJDBFN69lGiMfstXnLCYamTMPsv5kZfejfu0cw4rIK,10
CHALLENGER,xxw49vKdyCJNlOE-4ZCLUWfeLLsyvdfXskqBjsYVXIcP2A,xiangtaosensei,683,169,129,False,False,False,True,3ZxG8T_9hoBuXPiqh0k_Rg5_QGvjtMMXAJKx4gXX6S4,13
CHALLENGER,GuwkH4AhhoEMH8hIksDV7GPrq-5kwGHzdp8ftOBbNhM25Uo,BRO Yaharong,973,647,599,True,False,False,False,E9lpa-KIGdxJ-fv7GzWpO8lR1JOGXRff4Zv2LW7uiTdazZU,10
CHALLENGER,5nyavtFAUjqY2nWdoFzX6v3Std1x8Cd8aq4Y0bnFkOg6YQ,T1 Roach,698,225,188,False,False,False,False,b0xaiX_MT0ah5nQjunwk8b0GaK-19Ru0KCHmJO2cAsUa,7
